INSERT INTO `category_group` (`id`, `code`, `name`, `depth`) VALUES (1,'course','课程分类',3);
INSERT INTO `classroom` (`id`, `title`, `status`, `about`, `categoryId`, `description`, `price`, `vipLevelId`, `smallPicture`, `middlePicture`, `largePicture`, `headTeacherId`, `teacherIds`, `assistantIds`, `hitNum`, `auditorNum`, `studentNum`, `courseNum`, `lessonNum`, `threadNum`, `noteNum`, `postNum`, `rating`, `ratingNum`, `income`, `createdTime`, `service`, `private`, `recommended`, `recommendedSeq`, `recommendedTime`, `maxRate`, `showable`, `buyable`, `orgId`, `orgCode`) VALUES (1,'网校运营和推广','published','<p>班级（学习圈子）是EduSoho自主研发的国内首个提供了系统化学习、个性化学习、学习目标管理、学习过程跟踪管理的一整套强大的互动学习功能。</p>\r\n\r\n<p><strong>目前在线教育的问题：</strong></p>\r\n\r\n<p>现在很多在线学习的网站和产品，仅仅是提供了视频观看、做题、问答等简单的学习功能，但是我们知道想要真正学好某个东西，其实并没有那么简单。除了课程内容以外，学习还需要引导、需要指导和帮助，学习还会有惰性，需要很好的督促和激励。EduSoho通过对大量用户、大量在线教育网站的深入调研，不断总结分析和探索，设计研发了班级这一具有极大创新性的学习功能，很好的解决了上述问题。</p>\r\n\r\n<p>班级希望帮助网校运营者解决</p>\r\n\r\n<p><strong>1.&nbsp;</strong><strong>帮助学员更好的进行系统化学习</strong></p>\r\n\r\n<p>首先，班级是一群人围绕一个较长远的学习目标共同学习的地方。班级由一系列课程组成，这些课程是老师根据某个教学目标挑选加入的，课程之间存在逻辑关系和先后次序。当然，课程也并不是只能用于一个班级，同一门课程（例如某个基础课）是可以加入到多个班级的。</p>\r\n\r\n<p>其次，班级提供了学习计划。学习计划由老师制订。对于班级中的这么多课程，老师可以它们划分为几个阶段，每个阶段有一个阶段性的学习目标，会包含若干课时、考试、作业、直播答疑等。对于这每一个学习任务，老师可以设定它的［建议学习时长］，这样下来每个阶段就都会有一个学习时长，整个系列课程就有了总的学习时长。老师可以设置学员必须按照顺序来学习，如果某个任务没有完成，则不能进行下一任务的学习，这样整个学习过程就安排的环环相扣、井井有条了。班级有了学习计划以后，学员可以加入到学习计划中，加入时设定自己预计可用的［学习时间］，这样一个个性化的学习计划就自动生成了。有了学习计划，学员就能很清楚的知道自己当下应该学习什么，当前的进度是快了还是慢了，另外还有学力排行榜的展示以激励学习。为了更好的激励学习，后期还会加入学习积分/等级的概念。对于老师来说，他可以随时掌握每个学员的学习进度、学习速度，以便进行督促或是鼓励。对于学习过程中的作业、考试等任务，老师需要及时批改以保证学员的顺利学习。</p>\r\n\r\n<p><strong>2.&nbsp;</strong><strong>强化教学服务，跟课程相比学员能够获得更好的教学服务</strong></p>\r\n\r\n<p>为了在班级中提供更好的教学服务，需要有更多的人参与到班级管理中来，因此我们定义了三种角色：班主任、任课老师、助教。班主任主要负责管理整个班级的各项事务，课程老师可以制订学习计划、批改作业/试卷、回答问题、发起组织班级活动，助教则可以批改作业/试卷、回答问题、发起活动，助教可由本班学员担任。</p>\r\n\r\n<p>班级中固化了教学服务特色，包括：学习计划指导、试卷24小时阅卷点评、作业24小时批改、提问必答、一对一在线答疑、班级活动、就业指导。老师可以根据实际情况选择班级所能提供的服务内容，其中的学习计划、试卷阅卷点评、作业批改、提问回答、班级活动都可以在线完成。</p>\r\n\r\n<p><strong>3.&nbsp;</strong><strong>强调互动学习，学员在互帮互助中提升学习效果</strong></p>\r\n\r\n<p>和一群目标一致、乐于分享的人们在一起学习，不但能极大提升学习效果，同时也让学习不再枯燥。学员可以在班级里面提问/回答问题、发起讨论/参与讨论、分享笔记/笔记点赞，此外，学员还可以报名参加班级活动。活动是由老师发起组织的，可以是线上的也可以是线下的，通过组织活动，可以明显提升学员的活跃度和黏度。</p>\r\n\r\n<p><strong>4.&nbsp;</strong><strong>提倡在互动中完成软性营销</strong></p>\r\n\r\n<p>在当学员对班级、课程的情况不怎么了解的时候，就想要学员购买班级是不合理的。因此我们引入了旁听生的概念，学员可以先以旁听生的身份加入到班级，跟老师、学员进行互动讨论、提问咨询，当然也可以预览一部分课程，当他对整个班级有了一定的了解以后，再决定是否需要购买加入。</p>\r\n\r\n<p><strong>5.&nbsp;</strong><strong>支持封闭型学习的班级，满足O2O运营的需要</strong></p>\r\n\r\n<p>有些班级采用的是线下招生、线上学习的模式，所以我们推出了相应的功能设置。老师把班级设置为封闭后，普通学员就不能加入这类班级了，然后老师通过学员导入功能来设置学员，这样学员就可正常学习了。</p>\r\n\r\n<p>&nbsp;</p>\r\n',3,NULL,0.00,0,'http://edusoho-demo.b0.upaiyun.com/files/default/2015/06-17/1756397532ff179397.jpg','http://edusoho-demo.b0.upaiyun.com/files/default/2015/06-17/17563975289c130676.jpg','http://edusoho-demo.b0.upaiyun.com/files/default/2015/06-17/17563974f457078748.jpg',0,'[]',NULL,0,0,0,0,0,0,0,0,0,0,0.00,1434012982,NULL,0,1,4,1441527955,100,1,1,1,'1.'),(2,'EduSoho教育云介绍','published','<p>班级（学习圈子）是EduSoho自主研发的国内首个提供了系统化学习、个性化学习、学习目标管理、学习过程跟踪管理的一整套强大的互动学习功能。</p>\r\n\r\n<p><strong>目前在线教育的问题：</strong></p>\r\n\r\n<p>现在很多在线学习的网站和产品，仅仅是提供了视频观看、做题、问答等简单的学习功能，但是我们知道想要真正学好某个东西，其实并没有那么简单。除了课程内容以外，学习还需要引导、需要指导和帮助，学习还会有惰性，需要很好的督促和激励。EduSoho通过对大量用户、大量在线教育网站的深入调研，不断总结分析和探索，设计研发了班级这一具有极大创新性的学习功能，很好的解决了上述问题。</p>\r\n\r\n<p>班级希望帮助网校运营者解决</p>\r\n\r\n<p><strong>1.&nbsp;</strong><strong>帮助学员更好的进行系统化学习</strong></p>\r\n\r\n<p>首先，班级是一群人围绕一个较长远的学习目标共同学习的地方。班级由一系列课程组成，这些课程是老师根据某个教学目标挑选加入的，课程之间存在逻辑关系和先后次序。当然，课程也并不是只能用于一个班级，同一门课程（例如某个基础课）是可以加入到多个班级的。</p>\r\n\r\n<p>其次，班级提供了学习计划。学习计划由老师制订。对于班级中的这么多课程，老师可以它们划分为几个阶段，每个阶段有一个阶段性的学习目标，会包含若干课时、考试、作业、直播答疑等。对于这每一个学习任务，老师可以设定它的［建议学习时长］，这样下来每个阶段就都会有一个学习时长，整个系列课程就有了总的学习时长。老师可以设置学员必须按照顺序来学习，如果某个任务没有完成，则不能进行下一任务的学习，这样整个学习过程就安排的环环相扣、井井有条了。班级有了学习计划以后，学员可以加入到学习计划中，加入时设定自己预计可用的［学习时间］，这样一个个性化的学习计划就自动生成了。有了学习计划，学员就能很清楚的知道自己当下应该学习什么，当前的进度是快了还是慢了，另外还有学力排行榜的展示以激励学习。为了更好的激励学习，后期还会加入学习积分/等级的概念。对于老师来说，他可以随时掌握每个学员的学习进度、学习速度，以便进行督促或是鼓励。对于学习过程中的作业、考试等任务，老师需要及时批改以保证学员的顺利学习。</p>\r\n\r\n<p><strong>2.&nbsp;</strong><strong>强化教学服务，跟课程相比学员能够获得更好的教学服务</strong></p>\r\n\r\n<p>为了在班级中提供更好的教学服务，需要有更多的人参与到班级管理中来，因此我们定义了三种角色：班主任、任课老师、助教。班主任主要负责管理整个班级的各项事务，课程老师可以制订学习计划、批改作业/试卷、回答问题、发起组织班级活动，助教则可以批改作业/试卷、回答问题、发起活动，助教可由本班学员担任。</p>\r\n\r\n<p>班级中固化了教学服务特色，包括：学习计划指导、试卷24小时阅卷点评、作业24小时批改、提问必答、一对一在线答疑、班级活动、就业指导。老师可以根据实际情况选择班级所能提供的服务内容，其中的学习计划、试卷阅卷点评、作业批改、提问回答、班级活动都可以在线完成。</p>\r\n\r\n<p><strong>3.&nbsp;</strong><strong>强调互动学习，学员在互帮互助中提升学习效果</strong></p>\r\n\r\n<p>和一群目标一致、乐于分享的人们在一起学习，不但能极大提升学习效果，同时也让学习不再枯燥。学员可以在班级里面提问/回答问题、发起讨论/参与讨论、分享笔记/笔记点赞，此外，学员还可以报名参加班级活动。活动是由老师发起组织的，可以是线上的也可以是线下的，通过组织活动，可以明显提升学员的活跃度和黏度。</p>\r\n\r\n<p><strong>4.&nbsp;</strong><strong>提倡在互动中完成软性营销</strong></p>\r\n\r\n<p>在当学员对班级、课程的情况不怎么了解的时候，就想要学员购买班级是不合理的。因此我们引入了旁听生的概念，学员可以先以旁听生的身份加入到班级，跟老师、学员进行互动讨论、提问咨询，当然也可以预览一部分课程，当他对整个班级有了一定的了解以后，再决定是否需要购买加入。</p>\r\n\r\n<p><strong>5.&nbsp;</strong><strong>支持封闭型学习的班级，满足O2O运营的需要</strong></p>\r\n\r\n<p>有些班级采用的是线下招生、线上学习的模式，所以我们推出了相应的功能设置。老师把班级设置为封闭后，普通学员就不能加入这类班级了，然后老师通过学员导入功能来设置学员，这样学员就可正常学习了。</p>\r\n',3,NULL,0.00,0,'http://edusoho-demo.b0.upaiyun.com/files/default/2015/06-17/1757266821f4620686.jpg','http://edusoho-demo.b0.upaiyun.com/files/default/2015/06-17/175726681578291143.jpg','http://edusoho-demo.b0.upaiyun.com/files/default/2015/06-17/17572667cfd8154864.jpg',0,'[\"1\"]',NULL,0,0,0,2,10,0,0,0,0,0,0.00,1434013353,NULL,0,1,3,1441527944,100,1,1,1,'1.'),(3,'EduSoho使用指南','published','<p>班级（学习圈子）是EduSoho自主研发的国内首个提供了系统化学习、个性化学习、学习目标管理、学习过程跟踪管理的一整套强大的互动学习功能。</p>\r\n\r\n<p><strong>目前在线教育的问题：</strong></p>\r\n\r\n<p>现在很多在线学习的网站和产品，仅仅是提供了视频观看、做题、问答等简单的学习功能，但是我们知道想要真正学好某个东西，其实并没有那么简单。除了课程内容以外，学习还需要引导、需要指导和帮助，学习还会有惰性，需要很好的督促和激励。EduSoho通过对大量用户、大量在线教育网站的深入调研，不断总结分析和探索，设计研发了班级这一具有极大创新性的学习功能，很好的解决了上述问题。</p>\r\n\r\n<p>班级希望帮助网校运营者解决</p>\r\n\r\n<p><strong>1.&nbsp;</strong><strong>帮助学员更好的进行系统化学习</strong></p>\r\n\r\n<p>首先，班级是一群人围绕一个较长远的学习目标共同学习的地方。班级由一系列课程组成，这些课程是老师根据某个教学目标挑选加入的，课程之间存在逻辑关系和先后次序。当然，课程也并不是只能用于一个班级，同一门课程（例如某个基础课）是可以加入到多个班级的。</p>\r\n\r\n<p>其次，班级提供了学习计划。学习计划由老师制订。对于班级中的这么多课程，老师可以它们划分为几个阶段，每个阶段有一个阶段性的学习目标，会包含若干课时、考试、作业、直播答疑等。对于这每一个学习任务，老师可以设定它的［建议学习时长］，这样下来每个阶段就都会有一个学习时长，整个系列课程就有了总的学习时长。老师可以设置学员必须按照顺序来学习，如果某个任务没有完成，则不能进行下一任务的学习，这样整个学习过程就安排的环环相扣、井井有条了。班级有了学习计划以后，学员可以加入到学习计划中，加入时设定自己预计可用的［学习时间］，这样一个个性化的学习计划就自动生成了。有了学习计划，学员就能很清楚的知道自己当下应该学习什么，当前的进度是快了还是慢了，另外还有学力排行榜的展示以激励学习。为了更好的激励学习，后期还会加入学习积分/等级的概念。对于老师来说，他可以随时掌握每个学员的学习进度、学习速度，以便进行督促或是鼓励。对于学习过程中的作业、考试等任务，老师需要及时批改以保证学员的顺利学习。</p>\r\n\r\n<p><strong>2.&nbsp;</strong><strong>强化教学服务，跟课程相比学员能够获得更好的教学服务</strong></p>\r\n\r\n<p>为了在班级中提供更好的教学服务，需要有更多的人参与到班级管理中来，因此我们定义了三种角色：班主任、任课老师、助教。班主任主要负责管理整个班级的各项事务，课程老师可以制订学习计划、批改作业/试卷、回答问题、发起组织班级活动，助教则可以批改作业/试卷、回答问题、发起活动，助教可由本班学员担任。</p>\r\n\r\n<p>班级中固化了教学服务特色，包括：学习计划指导、试卷24小时阅卷点评、作业24小时批改、提问必答、一对一在线答疑、班级活动、就业指导。老师可以根据实际情况选择班级所能提供的服务内容，其中的学习计划、试卷阅卷点评、作业批改、提问回答、班级活动都可以在线完成。</p>\r\n\r\n<p><strong>3.&nbsp;</strong><strong>强调互动学习，学员在互帮互助中提升学习效果</strong></p>\r\n\r\n<p>和一群目标一致、乐于分享的人们在一起学习，不但能极大提升学习效果，同时也让学习不再枯燥。学员可以在班级里面提问/回答问题、发起讨论/参与讨论、分享笔记/笔记点赞，此外，学员还可以报名参加班级活动。活动是由老师发起组织的，可以是线上的也可以是线下的，通过组织活动，可以明显提升学员的活跃度和黏度。</p>\r\n\r\n<p><strong>4.&nbsp;</strong><strong>提倡在互动中完成软性营销</strong></p>\r\n\r\n<p>在当学员对班级、课程的情况不怎么了解的时候，就想要学员购买班级是不合理的。因此我们引入了旁听生的概念，学员可以先以旁听生的身份加入到班级，跟老师、学员进行互动讨论、提问咨询，当然也可以预览一部分课程，当他对整个班级有了一定的了解以后，再决定是否需要购买加入。</p>\r\n\r\n<p><strong>5.&nbsp;</strong><strong>支持封闭型学习的班级，满足O2O运营的需要</strong></p>\r\n\r\n<p>有些班级采用的是线下招生、线上学习的模式，所以我们推出了相应的功能设置。老师把班级设置为封闭后，普通学员就不能加入这类班级了，然后老师通过学员导入功能来设置学员，这样学员就可正常学习了。</p>\r\n',1,NULL,0.00,0,'http://edusoho-demo.b0.upaiyun.com/files/default/2015/06-17/1758295cf0b3221399.jpg','http://edusoho-demo.b0.upaiyun.com/files/default/2015/06-17/1758295ce694730211.jpg','http://edusoho-demo.b0.upaiyun.com/files/default/2015/06-17/1758295cd718737406.jpg',0,'[\"1\"]',NULL,0,0,0,3,44,0,0,0,0,0,0.00,1434013396,NULL,0,1,2,1441527938,100,1,1,1,'1.'),(4,'EduSoho产品介绍','published','<p>班级（学习圈子）是EduSoho自主研发的国内首个提供了系统化学习、个性化学习、学习目标管理、学习过程跟踪管理的一整套强大的互动学习功能。</p>\r\n\r\n<p><strong>目前在线教育的问题：</strong></p>\r\n\r\n<p>现在很多在线学习的网站和产品，仅仅是提供了视频观看、做题、问答等简单的学习功能，但是我们知道想要真正学好某个东西，其实并没有那么简单。除了课程内容以外，学习还需要引导、需要指导和帮助，学习还会有惰性，需要很好的督促和激励。EduSoho通过对大量用户、大量在线教育网站的深入调研，不断总结分析和探索，设计研发了班级这一具有极大创新性的学习功能，很好的解决了上述问题。</p>\r\n\r\n<p>班级希望帮助网校运营者解决</p>\r\n\r\n<p><strong>1.&nbsp;</strong><strong>帮助学员更好的进行系统化学习</strong></p>\r\n\r\n<p>首先，班级是一群人围绕一个较长远的学习目标共同学习的地方。班级由一系列课程组成，这些课程是老师根据某个教学目标挑选加入的，课程之间存在逻辑关系和先后次序。当然，课程也并不是只能用于一个班级，同一门课程（例如某个基础课）是可以加入到多个班级的。</p>\r\n\r\n<p>其次，班级提供了学习计划。学习计划由老师制订。对于班级中的这么多课程，老师可以它们划分为几个阶段，每个阶段有一个阶段性的学习目标，会包含若干课时、考试、作业、直播答疑等。对于这每一个学习任务，老师可以设定它的［建议学习时长］，这样下来每个阶段就都会有一个学习时长，整个系列课程就有了总的学习时长。老师可以设置学员必须按照顺序来学习，如果某个任务没有完成，则不能进行下一任务的学习，这样整个学习过程就安排的环环相扣、井井有条了。班级有了学习计划以后，学员可以加入到学习计划中，加入时设定自己预计可用的［学习时间］，这样一个个性化的学习计划就自动生成了。有了学习计划，学员就能很清楚的知道自己当下应该学习什么，当前的进度是快了还是慢了，另外还有学力排行榜的展示以激励学习。为了更好的激励学习，后期还会加入学习积分/等级的概念。对于老师来说，他可以随时掌握每个学员的学习进度、学习速度，以便进行督促或是鼓励。对于学习过程中的作业、考试等任务，老师需要及时批改以保证学员的顺利学习。</p>\r\n\r\n<p><strong>2.&nbsp;</strong><strong>强化教学服务，跟课程相比学员能够获得更好的教学服务</strong></p>\r\n\r\n<p>为了在班级中提供更好的教学服务，需要有更多的人参与到班级管理中来，因此我们定义了三种角色：班主任、任课老师、助教。班主任主要负责管理整个班级的各项事务，课程老师可以制订学习计划、批改作业/试卷、回答问题、发起组织班级活动，助教则可以批改作业/试卷、回答问题、发起活动，助教可由本班学员担任。</p>\r\n\r\n<p>班级中固化了教学服务特色，包括：学习计划指导、试卷24小时阅卷点评、作业24小时批改、提问必答、一对一在线答疑、班级活动、就业指导。老师可以根据实际情况选择班级所能提供的服务内容，其中的学习计划、试卷阅卷点评、作业批改、提问回答、班级活动都可以在线完成。</p>\r\n\r\n<p><strong>3.&nbsp;</strong><strong>强调互动学习，学员在互帮互助中提升学习效果</strong></p>\r\n\r\n<p>和一群目标一致、乐于分享的人们在一起学习，不但能极大提升学习效果，同时也让学习不再枯燥。学员可以在班级里面提问/回答问题、发起讨论/参与讨论、分享笔记/笔记点赞，此外，学员还可以报名参加班级活动。活动是由老师发起组织的，可以是线上的也可以是线下的，通过组织活动，可以明显提升学员的活跃度和黏度。</p>\r\n\r\n<p><strong>4.&nbsp;</strong><strong>提倡在互动中完成软性营销</strong></p>\r\n\r\n<p>在当学员对班级、课程的情况不怎么了解的时候，就想要学员购买班级是不合理的。因此我们引入了旁听生的概念，学员可以先以旁听生的身份加入到班级，跟老师、学员进行互动讨论、提问咨询，当然也可以预览一部分课程，当他对整个班级有了一定的了解以后，再决定是否需要购买加入。</p>\r\n\r\n<p><strong>5.&nbsp;</strong><strong>支持封闭型学习的班级，满足O2O运营的需要</strong></p>\r\n\r\n<p>有些班级采用的是线下招生、线上学习的模式，所以我们推出了相应的功能设置。老师把班级设置为封闭后，普通学员就不能加入这类班级了，然后老师通过学员导入功能来设置学员，这样学员就可正常学习了。</p>\r\n',3,NULL,0.00,0,'http://edusoho-demo.b0.upaiyun.com/files/default/2015/06-17/175928091d87504569.jpg','http://edusoho-demo.b0.upaiyun.com/files/default/2015/06-17/1759280905cc504031.jpg','http://edusoho-demo.b0.upaiyun.com/files/default/2015/06-17/17592808ee48069905.jpg',5,'[\"1\"]',NULL,0,0,4,6,15,0,0,0,5,2,0.00,1434013443,'[\"homeworkReview\",\"testpaperReview\",\"teacherAnswer\",\"liveAnswer\",\"event\",\"workAdvise\"]',0,1,1,1441527932,100,1,1,1,'1.');
INSERT INTO `classroom_courses` (`id`, `classroomId`, `courseId`, `parentCourseId`, `seq`, `disabled`) VALUES (8,2,20,3,1,0),(9,2,21,5,2,0),(10,3,22,4,1,0),(11,3,23,1,2,0),(12,4,24,8,6,0),(13,4,25,9,2,0),(14,4,26,10,3,0),(15,4,27,11,4,0),(16,4,28,6,1,0),(17,4,29,7,5,0),(18,3,30,2,3,0);
INSERT INTO `classroom_member` (`id`, `classroomId`, `userId`, `orderId`, `levelId`, `noteNum`, `threadNum`, `locked`, `remark`, `role`, `createdTime`) VALUES (2,2,1,0,0,0,0,0,NULL,'|teacher|',1434535059),(3,3,1,0,0,0,0,0,NULL,'|teacher|',1434535145),(4,4,1,0,0,0,0,0,NULL,'|teacher|',1434535206),(6,4,5,0,0,0,0,0,'','|headTeacher|',1435652906),(7,4,10,46,0,0,0,0,'','|student|',1435654717),(8,4,11,47,0,0,0,0,'','|student|',1435654733),(9,4,7,48,0,0,0,0,'','|student|',1435654749),(10,4,12,49,0,0,0,0,'','|student|',1435654760);
INSERT INTO `classroom_review` (`id`, `userId`, `classroomId`, `title`, `content`, `rating`, `createdTime`, `parentId`, `updatedTime`, `meta`) VALUES (1,5,4,'','希望你能学有所得！',5,1435654676,0,NULL,NULL),(2,7,4,'','该班级关于EduSoho的产品介绍很完善，是了解EduSoho的必学班。',5,1435654889,0,NULL,NULL);
INSERT INTO `cloud_app` (`id`, `name`, `code`, `type`, `description`, `icon`, `version`, `fromVersion`, `developerId`, `developerName`, `installedTime`, `updatedTime`, `edusohoMinVersion`, `edusohoMaxVersion`) VALUES (1,'EduSoho主系统','MAIN','plugin','<p>EduSoho主系统</p>\r\n','MAIN/MAIN_icon.png','7.2.9','7.2.8',1,'EduSoho官方',1429266860,1477366514,'7.0.0','up');
INSERT INTO `content` (`id`, `title`, `editor`, `type`, `alias`, `summary`, `body`, `picture`, `template`, `status`, `categoryId`, `tagIds`, `hits`, `featured`, `promoted`, `sticky`, `userId`, `field1`, `field2`, `field3`, `field4`, `field5`, `field6`, `field7`, `field8`, `field9`, `field10`, `publishedTime`, `createdTime`) VALUES (1,'关于我们','richeditor','page','aboutus',NULL,'<p><img alt=\"\" src=\"http://edusoho-demo.b0.upaiyun.com/files/default/2015/06-11/1756524ac51a987008.jpg?6.0.2\" /></p>\r\n\r\n<p>&nbsp;</p>\r\n\r\n<p>杭州阔知网络科技有限公司是中国领先的在线教育基础服务提供商，专注于在线教育，截止2015年5月19日已有1万3千多家网校在使用edusoho搭建网校，目前<strong>网校数量行业第一，客户规模行业第一，中国首个开源网络课堂-EduSoho通用版。中国首个开源的慕课平台-edusoho慕课版。</strong></p>\r\n\r\n<p>&nbsp;</p>\r\n\r\n<p><strong>推出中国第一个教育行业专属教育云：</strong>云视频、云直播、云文档、云短信，独创TLP2.0安全技术，最高性价比方案（比其他云再省百分50成本），最高安全技术（万家网校0事故），最简集成（一键集成）。</p>\r\n\r\n<p>&nbsp;</p>\r\n\r\n<p>阔知网络成立于2012年5月，创始团队拥有海内外的教育和工作背景。公司坚持以创新为企业发展动力，以共赢共生为合作理念，为加速中国在线教育发展，创造全新教育方式做出贡献。</p>\r\n\r\n<p>&nbsp;</p>\r\n\r\n<p><strong>EduSoho官网：<u><a href=\"http://www.edusoho.com/\">http://www.edusoho.com/</a></u></strong></p>\r\n\r\n<p><strong>EduSoho网络课堂演示站：<u><a href=\"http://demo.edusoho.com/\">http://demo.edusoho.com/</a></u></strong></p>\r\n\r\n<p><strong>EduSoho网络课堂使用学习站（气球鱼学院）：<u><a href=\"http://www.qiqiuyu.com/\">http://www.qiqiuyu.com/</a></u></strong></p>\r\n','','default','published',0,NULL,0,0,0,0,1,NULL,NULL,NULL,NULL,NULL,NULL,NULL,NULL,NULL,NULL,1429260383,1429260383),(2,'帮助','richeditor','page','help',NULL,'<p>&nbsp;</p>\r\n\r\n<p><span style=\"font-size:18px\">EduSoho除了提供领先的在线教育平台产品，还从更多方面帮助用户做在线教育：</span></p>\r\n\r\n<p><strong>产品及服务介绍：</strong></p>\r\n\r\n<p><strong>&nbsp; &nbsp; EduSoho官网:<u><a href=\"http://www.edusoho.com/\">http://www.edusoho.com/</a></u></strong></p>\r\n\r\n<p><strong>课程制作及维护</strong></p>\r\n\r\n<p>&nbsp; &nbsp; 微课及慕课录制及制作，请与销售联系。</p>\r\n\r\n<p><strong>在线教育行业资讯</strong></p>\r\n\r\n<p><strong>&nbsp; <u>&nbsp;<a href=\"http://www.qiqiuyu.com/article/category/news\">&nbsp;http://www.qiqiuyu.com/article/category/news</a></u></strong></p>\r\n\r\n<p><strong>网校运营知识</strong></p>\r\n\r\n<p>&nbsp; &nbsp; 气球鱼学院网校运营课程:<strong><u><a href=\"http://www.qiqiuyu.com/course/explore/operation\">http://www.qiqiuyu.com/course/explore/operation</a></u></strong></p>\r\n\r\n<p><strong>系统二次开发与开发者</strong></p>\r\n\r\n<ul>\r\n	<li>EduSoho开放平台官网：<strong><u><a href=\"http://open.edusoho.com/\">http://open.edusoho.com/</a></u></strong></li>\r\n	<li>开发者社区：<a href=\"http://www.qiqiuyu.com/group/5\"><u><strong>http://www.qiqiuyu.com/group/5</strong></u></a></li>\r\n	<li>开发课程：<u><strong><a href=\"http://www.qiqiuyu.com/course/explore/developer\">http://www.qiqiuyu.com/course/explore/developer</a></strong></u></li>\r\n</ul>\r\n\r\n<div><strong>EduSoho使用</strong></div>\r\n\r\n<div>&nbsp; &nbsp; 气球鱼学院使用课程:<strong><a href=\"http://www.qiqiuyu.com/course/explore/developer\">http://www.qiqiuyu.com/course/explore/fuction</a></strong></div>\r\n\r\n<div><strong>EduSoho反馈社区</strong></div>\r\n\r\n<div><strong>&nbsp; &nbsp;&nbsp;</strong>给ES提建议小组:<strong><a href=\"http://www.qiqiuyu.com/course/explore/developer\">http://www.qiqiuyu.com/group/4</a></strong></div>\r\n\r\n<div>&nbsp;</div>\r\n\r\n<div>关注EduSoho微信，了解最新的产品及活动消息！</div>\r\n\r\n<p>&nbsp;</p>\r\n','','default','published',0,NULL,0,0,0,0,1,NULL,NULL,NULL,NULL,NULL,NULL,NULL,NULL,NULL,NULL,1429260383,1429260383);
